INSERT INTO Artists VALUES('Queen', 'Elton John, David Bowie, The Who',32482474);
INSERT INTO Artists VALUES('Prince', 'The Time, Rick James, The Gap Band', 7908337);
INSERT INTO Artists VALUES('Elton John', 'Billy Joel, Chicago', 20254168);
INSERT INTO Artists VALUES('Cher', 'Tina Turner, Bette Midler', 6163775);
INSERT INTO Artists VALUES('Ariana Grande', 'Camila Cabello, Fifth Harmony', 49645394);
INSERT INTO Artists VALUES('Foreigner', 'Heart, Journey', 6243791);
INSERT INTO Artists VALUES('The Beach Boys', 'The Monkees, The Lovin Spoonful', 8696813);
INSERT INTO Artists VALUES('Michael Buble', 'Harry Connick, Jr.', 15844952);
INSERT INTO Artists VALUES('Journey', 'Foreigner, REO Speedwagon', 10375940);
INSERT INTO Artists VALUES('Sleeping With Sirens', 'Pierce the Veil', 2014123);
INSERT INTO Artists VALUES('Pitbull', 'Flo Rida, Taio Cruz', 19410127);
INSERT INTO Artists VALUES('Chance the Rapper', 'Joey Bada$$, Noname', 15687012);
INSERT INTO Artists VALUES('Post Malone', 'Rae Sremmund, Huncho Jack', 56780458);
INSERT INTO Artists VALUES('Metallica', 'Megadeth, Slayer',13994880);
INSERT INTO Artists VALUES('All Time Low', 'Mayday Parade, We The Kings',3420787);
INSERT INTO Artists VALUES('Linkin Park', 'Papa Roach, Breaking Benjamin',16715133);
INSERT INTO Artists VALUES('Michael Jackson', 'Janet Jackson, The Jackson 5',22680595);
INSERT INTO Artists VALUES('The Killers', 'Franz Ferdinand',12240034);
INSERT INTO Artists VALUES('Styx', 'Boston, REO Speedwagon',2520156);
INSERT INTO Artists VALUES('A Day To Remember','Blessthefall, Escape The Fate', 3806943);
INSERT INTO Artists VALUES('Foo Fighters', 'Bush, Audioslave', 10511225); 
INSERT INTO Artists VALUES('Red Hot Chili Peppers', 'Foo Fighters, Audioslave', 17151245);
INSERT INTO Artists VALUES('Kanye West', 'Kendrick Lamar, Big Sean', 37308444);
INSERT INTO Artists VALUES('311', 'Pepper, Sugar Ray', 1817920);
INSERT INTO Artists VALUES('Paramore',  'Mayday Parade, Simple Plan', 7975817);
INSERT INTO Artists VALUES('Yes', 'Jethro Tull, King Crimson', 2299372);
INSERT INTO Artists VALUES('Camila Cabello','Selena Gomez',54233872);
INSERT INTO Artists VALUES('Selena Gomez','Zayn',44643816);
INSERT INTO Artists VALUES('Zayn','Niall Horan',30333563);
INSERT INTO Artists VALUES('Niall Horan', 'Zayn',16964443); 
INSERT INTO Artists VALUES('Liam Payne', 'DNCE',14267673);
INSERT INTO Artists VALUES('DNCE','Fifth Harmony',6519012);
INSERT INTO Artists VALUES('Fifth Harmony','Hailee Steinfeld',8648122);
INSERT INTO Artists VALUES('Hailee Steinfeld', 'Maggie Lindemann',13598555);
INSERT INTO Artists VALUES('Maggie Lindemann','Bea Miller',4880812);
INSERT INTO Artists VALUES('Bea Miller','Hey Violet', 6976212);
INSERT INTO Artists VALUES('Hey Violet','Ellise',1766212);
INSERT INTO Artists VALUES('Weird Al Yankovic','Jonathan Coulton',751567);
INSERT INTO Artists VALUES('Da Vincis Notebook','Jonathan Coulton',194668);
INSERT INTO Artists VALUES('Jonathan Coulton','Tom Lehrer',169402);
INSERT INTO Artists VALUES('Tom Lehrer','Allan Sherman',71453);
INSERT INTO Artists VALUES('Allan Sherman','Stan Freberg',47980);
INSERT INTO Artists VALUES('Weezer', 'Cake, Everclear', 8332309);
INSERT INTO Artists VALUES('Toby Fox', 'GameChops, SharaX, DM DOKURO', 970415);
INSERT INTO Artists VALUES('Marty Robbins', 'Tom T. Hall, Don Gibson, Hank Locklin',1090930);
INSERT INTO Artists VALUES('Soup', 'Lil Memer, Yung Nugget, Lil Barnacle', 80333);
INSERT INTO Artists VALUES('Bassnectar', 'Pretty Lights, Zeds Dead', 1846821);
INSERT INTO Artists VALUES('The Floozies', 'Zoogma, Boombox', 143918);
INSERT INTO Artists VALUES('Skillet', 'Avenge Seven Fold, Red', 4654741);
INSERT INTO Artists VALUES('Takeshi 6ix 9ine', 'A Boogie Wit Da Hoodie', 11032921);
INSERT INTO Songs VALUES('Killer Queen','3:00', 'Rock',264899623);
INSERT INTO Songs VALUES('Circles', '3:35', 'Rap', 404804621);
INSERT INTO Songs VALUES('ROXANNE', '2:43', 'Rap', 108877839);
INSERT INTO Songs VALUES('everything i wanted', '4:05', 'Pop', 75756557);
INSERT INTO Songs VALUES('HIGHEST IN THE ROOM', '2:55', 'Rap', 241425527);
INSERT INTO Songs VALUES('BOP', '2:39', 'Rap', 68925654);
INSERT INTO Songs VALUES('Yellow Hearts', '3:43', 'Rap', 32190901);
INSERT INTO Songs VALUES('Falling', '2:39', 'Rap', 60568820);
INSERT INTO Songs VALUES('ok boomer', '2:12', 'Rap', 1787031);
INSERT INTO Songs VALUES('A.M.', '2:44', 'Rap', 1538590);
INSERT INTO Songs VALUES('Legih Dari Egoku', '4:09', 'Pop', 1869255);
INSERT INTO Songs VALUES('Better Now', '3:51', 'Rap', 1080156811);
INSERT INTO Songs VALUES('Hollywoods Bleeding', '2:36', 'Rap', 126279019);
INSERT INTO Songs VALUES('rockstar (feat. 21 Savage)', '3:38', 'Rap', 1745138605);
INSERT INTO Songs VALUES('Congratulations', '3:40', 'Rap', 1100186635);
INSERT INTO Songs VALUES('Under Pressure', '4:08', 'Rock', 591211378);
INSERT INTO Songs VALUES('Hardwired', '3:11', 'Metal', 76768415);
INSERT INTO Songs VALUES('Last Young Renegade', '3:34', 'Pop Punk', 23891077);
INSERT INTO Songs VALUES('Papercut', '3:05', 'Rock', 156860601);
INSERT INTO Songs VALUES('Billie Jean', '4:54', 'Pop', 605248851);
INSERT INTO Songs VALUES('Mr. Brightside', '3:43', 'Rock', 788175482);
INSERT INTO Songs VALUES('Renegade', '4:17', 'Rock', 62878163);
INSERT INTO Songs VALUES('Bad Vibrations', '3:34', 'Rock',15224345);
INSERT INTO Songs VALUES('All My Life', '4:23', 'Rock', 134000657);
INSERT INTO Songs VALUES('Snow(Hey Oh)','5:35', 'Rock', 463358833);
INSERT INTO Songs VALUES('Stronger', '5:12', 'Rap', 619413033);
INSERT INTO Songs VALUES('Amber', '3:27', 'Rock', 94905201);
INSERT INTO Songs VALUES('Misery Business', '3:32', 'Pop Rock', 244770335);
INSERT INTO Songs VALUES('Roundabout', '8:36', 'Prog Rock', 46317240);
INSERT INTO Songs VALUES('Atlas Rise', '6:29', 'Metal', 46564654);
INSERT INTO Songs VALUES('Thats What You Get', '3:40', 'Pop Rock', 92263313);
INSERT INTO Songs VALUES('Dani California', '4:42', 'Rock', 274235965);
INSERT INTO Songs VALUES('White and Nerdy','4:21','Pop',17748393);
INSERT INTO Songs VALUES('Dont Let It Break Your Heart', '3:16','Pop',2808617);
INSERT INTO Songs VALUES('Just Hold On','3:18','Pop',403682388);
INSERT INTO Songs VALUES('Reflections In D','5:22','Jazz',168109);
INSERT INTO Songs VALUES('What Reason Could I Give','3:47','Pop',187041);
INSERT INTO Songs VALUES('Ebay','3:36','Pop',5851615);
INSERT INTO Songs VALUES('The Hamilton Polka','5:00','Pop',2875853);
INSERT INTO Songs VALUES('Fat','3:36','Pop',4962842);
INSERT INTO Songs VALUES('Word Crimes','3:43','Pop',8986220);
INSERT INTO Songs VALUES('Foil','2:22','Pop',7527942);
INSERT INTO Songs VALUES('Amish Paradise','3:22','Pop',16759038);
INSERT INTO Songs VALUES('Party in the CIA','2:56','Pop',7995380);
INSERT INTO Songs VALUES('The Saga Begins','5:28','Pop', 8006445);
INSERT INTO Songs VALUES('Voodoo Child','5:13','Rock',76095542);
INSERT INTO Songs VALUES('All Along the Watchtower','4:00','Rock',30077650);
INSERT INTO Songs VALUES('Foxey Lady','3:18','Rock',44153754);
INSERT INTO Songs VALUES('The Wind Cries Mary','3:20','Rock',47587091);
INSERT INTO Songs VALUES('Phoenix','3:17','Rock',19756857);
INSERT INTO Songs VALUES('Legends Never Die','3:55','Game Soundtrack', 93638698);
INSERT INTO Songs VALUES('Get Jinxed','2:34','Pop',22966194);
INSERT INTO Songs VALUES('As We Fall','3:09','Pop',13695721);
INSERT INTO Songs VALUES('Awaken','3:18','Pop',26239401);
INSERT INTO Songs VALUES('RISE','3:12','Pop',64420396);
INSERT INTO Songs VALUES('So Tender','7:15','Jazz',6765340);
INSERT INTO Songs VALUES('One Day Ill Fly Away','4:15','Jazz',2510128);
INSERT INTO Songs VALUES('I Fall In Love Too Easily','5:12','Jazz',494510);
INSERT INTO Songs VALUES('Where Can I Go Without You','5:12','Jazz',3565752);
INSERT INTO Songs VALUES('Dust in the Wind','3:26','Rock',232270112);
INSERT INTO Songs VALUES('Carry on Wayward Son','5:23','Rock',246445613);
INSERT INTO Songs VALUES('Point of Know Return','3:10','Rock',6435472);
INSERT INTO Songs VALUES('Play the Game Tonight','3:27','Rock',3103957);
INSERT INTO Songs VALUES('The Wall','4:47','Rock',2886795);
INSERT INTO Songs VALUES('Whats on my Mind','3:28','Rock',22247906);
INSERT INTO Songs VALUES('Icarus-Borne on Wings of Steel','5:58','Rock',2291427);
INSERT INTO Songs VALUES('Sweet Child O Mine','5:56','Rock',653489646);
INSERT INTO Songs VALUES('November Rain','8:56','Rock', 329294991);
INSERT INTO Songs VALUES('Welcome to The Jungle','4:33','Rock',4236494300);
INSERT INTO Songs VALUES('Paradise City','6:45','Rock',391253053);
INSERT INTO Songs VALUES('Knockin On Heavens Door','5:36','Rock',247596224);
INSERT INTO Songs VALUES('Dont Cry','4:43','Rock',161393926);
INSERT INTO Songs VALUES('Civil War','7:42','Rock',85422797);
INSERT INTO Songs VALUES('Live And Let Die','3:02','Rock',75466470);
INSERT INTO Songs VALUES('You Could be Mine','5:43','Rock',68825862);
INSERT INTO Songs VALUES('Patience','5:54','Rock',124310968);
INSERT INTO Songs VALUES('We Will Rock You','2:02','Rock',472626811);
INSERT INTO Songs VALUES('Love Of My Life','3:37','Rock',161204867);
INSERT INTO Songs VALUES('Mississippi Queen','2:31','Rock',76640967);
INSERT INTO Songs VALUES('For Yagurs Farm','3:22','Rock',1016731);
INSERT INTO Songs VALUES('Never in My Life','3:52','Rock',993993);
INSERT INTO Songs VALUES('Theme for an Imaginary Western','5:07','Rock',934961);
INSERT INTO Songs VALUES('Silver Paper','3:17','Rock',386062);
INSERT INTO Songs VALUES('Waiting to take you away','4:39','Rock', 88053);
INSERT INTO Songs VALUES('Blood of the Sun','3:22','Rock',93053);
INSERT INTO Songs VALUES('Sittin On a Rainbow','2:22','Rock',269534);
INSERT INTO Songs VALUES('I Was Made For Lovin You','4:31','Rock',224160502);
INSERT INTO Songs VALUES('Rock and Roll All Nite','2:48','Rock',144077759);
INSERT INTO Songs VALUES('Detroit Rock City','3:35','Rock',73784881);
INSERT INTO Songs VALUES('Lick It Up','3:56','Rock',27570148);
INSERT INTO Songs VALUES('Heavens On Fire','3:21','Rock',69937662);
INSERT INTO Songs VALUES('Strutter','3:10','Rock',27541038);
INSERT INTO Songs VALUES('Forever','3:52','Rock',15384160);
INSERT INTO Songs VALUES('Beth','2:45','Rock',27209510);
INSERT INTO Songs VALUES('Crazy crazy Nights','3:47','Rock',33971670);
INSERT INTO Songs VALUES('Love Gun','3:18','Rock',25045628);
INSERT INTO Songs VALUES('Baba O Riley','5:00','Rock',226967257);
INSERT INTO Songs VALUES('My Generation','3:18','Rock',113536112);
INSERT INTO Songs VALUES('Behind Blue Eyes','3:41','Rock',100815492);
INSERT INTO Songs VALUES('Who Are You','6:21','Rock',90755046);
INSERT INTO Songs VALUES('Pinball Wizard','3:00','Rock',85062252);
INSERT INTO Songs VALUES('Wont Get Fooled Again','8:33','Rock',76471205);
INSERT INTO Songs VALUES('The Seeker','3:10','Rock',19618067);
INSERT INTO Songs VALUES('Eminence Front','5:39','Rock',25525851);
INSERT INTO Songs VALUES('I Cant Explain','2:05','Rock',14945184);
INSERT INTO Songs VALUES('I dont Wanna get Wise','3:54','Rock',406187);
INSERT INTO Songs VALUES('Blow Me','3:21','Rock',106659);
INSERT INTO Songs VALUES('Big Iron', '3:56', 'Western', 36775015);
INSERT INTO Songs VALUES('El Paso', '4:19', 'Western', 23835070);
INSERT INTO Songs VALUES('Theyre Hanging Me Tonight', ' 3:04', 'Western', 7439521);
INSERT INTO Songs VALUES('The Masters Call', '3:05', 'Western', 5676394);
INSERT INTO Songs VALUES('Saddle Tramp', '2:03', 'Western', 4094176);
INSERT INTO Songs VALUES('Cool Water', '3:09', 'Western', 3323526);
INSERT INTO Songs VALUES('Running Gun', '2:10', 'Western', 3115144);
INSERT INTO Songs VALUES('Billy The Kid', '2:19', 'Western', 2688846);
INSERT INTO Songs VALUES('MEGALOVANIA', '2:36', 'Game Soundtrack', 40261086);
INSERT INTO Songs VALUES('Shop', '0:50', 'Game Soundtrack', 6318843);
INSERT INTO Songs VALUES('Death By Glamor', '2:14', 'Game Soundtrack', 10916635);
INSERT INTO Songs VALUES('Hopes And Dreams', '3:01', 'Game Soundtrack', 10378184);
INSERT INTO Songs VALUES('ASGORE', '2:36', 'Game Soundtrack', 9179325);
INSERT INTO Songs VALUES('Spider Dance', '1:46', 'Game Soundtrack', 8306119);
INSERT INTO Songs VALUES('Bonetrousle', '0:57', 'Game Soundtrack', 9361634);
INSERT INTO Songs VALUES('Battle Against A True Hero', '2:36', 'Game Soundtrack', 7245554);
INSERT INTO Songs VALUES('Spear of Justice', '1:55', 'Game Soundtrack', 7194883);
INSERT INTO Songs VALUES( 'Sans.', '0:50', 'Game Soundtrack', 6710959);
INSERT INTO Songs VALUES('Africa', '3:59', 'Pop', 44015763);
INSERT INTO Songs VALUES('Everybody Wants To Rule The World', '4:05', 'Pop',7524415); 
INSERT INTO Songs VALUES('Sweet Dreams Are Made Of This', '3:35', 'Pop', 5535351);
INSERT INTO Songs VALUES('Take On Me', '3:44', 'Pop', 12017884);
INSERT INTO Songs VALUES('Happy Together', '2:26', 'Pop', 5361619);
INSERT INTO Songs VALUES('Paranoid', '2:45', 'Pop Rock', 4182897);
INSERT INTO Songs VALUES('Mr. Blue Sky', '4:46', 'Pop', 6091709);
INSERT INTO Songs VALUES('No Scrubs', '3:10', 'Pop', 6378345);
INSERT INTO Songs VALUES('Man in the Mirror', '5:19', 'Pop', 212460664);
INSERT INTO Songs VALUES('Stand By Me', '3:01', 'Pop', 4543571);
INSERT INTO Songs VALUES('Creep', '3:29', 'Rock', 7439493);
INSERT INTO Songs VALUES('Gucci Belt', '2:28', 'Rap', 2459078);
INSERT INTO Charts VALUES('United States Top 50');
INSERT INTO Charts VALUES('Global Top 50');
INSERT INTO Charts VALUES('United States Viral 50');
INSERT INTO Charts VALUES('Argentina Top 50');
INSERT INTO Charts VALUES('Global Viral 50');
INSERT INTO Charts VALUES('Andorra Viral 50');
INSERT INTO Charts VALUES('Brazil Viral 50');
INSERT INTO Charts VALUES('France Top 50');
INSERT INTO Charts VALUES('Germany Top 50');
INSERT INTO Charts VALUES('India Viral 50');
INSERT INTO Charts VALUES('Podcast Charts');
INSERT INTO Podcast VALUES('Crime Junkie', 'audiochuck', 'True crime');
INSERT INTO Podcast VALUES('The Daily', 'The New York Times', 'News and Politics');
INSERT INTO Podcast VALUES('Stuff You Should Know', 'iHeartRadio', 'Educational');
INSERT INTO Podcast VALUES('My Favorite Murder', 'Exactly Right', 'True crime');
INSERT INTO Podcast VALUES('NPR News Now', 'NPR', 'News and Politics');
INSERT INTO Podcast VALUES('Call Her Daddy', 'Barstool Sports', 'Comedy');
INSERT INTO Podcast VALUES('The Misfits Podcast', 'Misfits', 'Comedy');
INSERT INTO Podcast VALUES('Dateline NBC', 'NBC News', 'True crime');
INSERT INTO Podcast VALUES('Snacks Minute', 'Robinhood Financial, LLC', 'Educational');
INSERT INTO Podcast VALUES('Pardon My Take', 'Barstool Sports', 'Sports and Recreation');
INSERT INTO Albums VALUES('Hollywood Records', 'Hot Space', 12, '48 min');
INSERT INTO Albums VALUES('Hollywood Records', 'Sheer Heart Attack', 14, '41 min');
INSERT INTO Albums VALUES('Republic Records', 'Hollywoods Bleeding', 17, '51min');
INSERT INTO Albums VALUES('Blackened Records', 'Hardwired...To Self-destruct', 12, '1hr 17');
INSERT INTO Albums VALUES('Republic Records', 'Dangerous Woman', 15, '55min');
INSERT INTO Albums VALUES('Fueled By Ramen', 'Last Young Renegade', 10, '36 min');
INSERT INTO Albums VALUES('Warner Records', 'Hybrid Theory', 12, '37 min');
INSERT INTO Albums VALUES('MJJ Records', 'Thriller', 9, '42 min');
INSERT INTO Albums VALUES('The Island Def Jam Music Group' , 'Hot Fuss', 11, '45 min');
INSERT INTO Albums VALUES('AM Records', 'Pieces of Eight' , 10, '42 min');
INSERT INTO Albums VALUES('ADTR Records', 'Bad Vibrations',13, '48 min');
INSERT INTO Albums VALUES('Roswell Records', 'One by One', 17, '1 hr 18');
INSERT INTO Albums VALUES('Warner Records', 'Stadium Arcadium', 29, '2hr 31');
INSERT INTO Albums VALUES('Roc-A-Fella Records', 'Graduation', 13, '51 min');
INSERT INTO Albums VALUES('Volcano Entertainment', 'From Chaos', 12, '39 min');
INSERT INTO Albums VALUES('Atlantic Recording Corporation', 'RIOT!',12, '42 min');
INSERT INTO Albums VALUES('Elektra Entertainment Company', 'Fragile', 9, '41 min');
INSERT INTO Albums VALUES( 'Sony BMG Music Entertainment', 'Gunfighter Ballads And Trail Songs',15 , '44 min');
INSERT INTO Albums VALUES('Materia Collective', 'UNDERTALE Soundtrack', 101, '2hr10');
INSERT INTO Albums VALUES( 'Crush Music', 'Weezer Teal Album', 10, '36 min');
INSERT INTO Albums VALUES( 'Records DK','Gucci Belt', 1, '2:28');
INSERT INTO Albums VALUES('Amorphous', 'Noise VS Beauty', 15, '58 mins');
INSERT INTO Albums VALUES('The Floozies Self-released', 'Funk Jesus', 11, '39 min' );
INSERT INTO Albums VALUES('Lava Records', 'Comatose',  11, '42 min');
INSERT INTO Albums VALUES('Create Music Group', 'Dummy Boy', 13, '34 min');
INSERT INTO Concert_Tickets VALUES('Elton John', 'Simmons Bank Arena, North Little Rock', 86.20, '03-JUL-20', 'Elton John');
INSERT INTO Concert_Tickets VALUES('Cher with CHIC', 'Simmons Bank Arena, North Little Rock', 29.95, '14-MAR-20', 'Cher');
INSERT INTO Concert_Tickets VALUES('Ariana Grande and Social House', 'American Airlines Center, Dallas', 64.45, '09-DEC-19', 'Ariana Grande');
INSERT INTO Concert_Tickets VALUES('Foreigner', 'Will Rogers Auditorium, Fort Worth', 39.50, '05-FEB-20', 'Foreigner');
INSERT INTO Concert_Tickets VALUES('The Beach Boys', 'Global Event Center at WinStar World Casino', 55.00, '01-MAY-20', 'The Beach Boys');
INSERT INTO Concert_Tickets VALUES('Michael Buble', 'Dickies Arena, Fort Worth', 89.50, '04-APR-20', 'Michael Buble');
INSERT INTO Concert_Tickets VALUES('Journey and Pretenders', 'Dos Equis Pavilion, Dallas', 35.00, '30-AUG-20', 'Journey');
INSERT INTO Concert_Tickets VALUES('Sleeping With Sirens, Set it Off, Belmont and Point North', 'House of Blues, Dallas', 29.50, '22-JAN-20', 'Sleeping With Sirens');
INSERT INTO Concert_Tickets VALUES('Pitbull', 'Global Event Center at WinStar World Casino', 85.00, '13-MAR-20', 'Pitbull');
INSERT INTO Concert_Tickets VALUES('Chance the Rapper, Lil Yachty and Taylor Bennett', 'American Airlines Center, Dallas',39.95, '25-JAN-20', 'Chance the Rapper');
INSERT INTO Chart_type VALUES('United States Top 50', 'Country');
INSERT INTO Chart_type VALUES('Global Top 50', 'Country');
INSERT INTO Chart_type VALUES('United States Viral 50', 'Viral');
INSERT INTO Chart_type VALUES('Argentina Top 50', 'Country');
INSERT INTO Chart_type VALUES('Global Viral 50', 'Viral');
INSERT INTO Chart_type VALUES('Andorra Viral 50', 'Viral');
INSERT INTO Chart_type VALUES('Brazil Viral 50', 'Viral');
INSERT INTO Chart_type VALUES('France Top 50', 'Country');
INSERT INTO Chart_type VALUES('Germany Top 50', 'Country');
INSERT INTO Chart_type VALUES('India Viral 50', 'Viral');
INSERT INTO Podcast_eps VALUES('Crime Junkie', 'MISSING: Brian Shaffer', '48min', '25-NOV-19');
INSERT INTO Podcast_eps VALUES('The Daily', 'A Broken Promise on Taxes', '24min', '18-NOV-19');
INSERT INTO Podcast_eps VALUES('Stuff You Should Know', 'How Conversion Therapy Doesnt Work', '1:06:05', '28-NOV-19');
INSERT INTO Podcast_eps VALUES('My Favorite Murder', 'Live at the Theatre Royal in Glasgow', '1:26:01', '28-NOV-19');
INSERT INTO Podcast_eps VALUES('NPR News Now', 'NPR News: 11-28-2019 8PM ET', '4:40', '28-NOV-19');
INSERT INTO Podcast_eps VALUES('Call Her Daddy', '63- How Our Families Really Feel...', '1:02:39', '26-NOV-19');
INSERT INTO Podcast_eps VALUES('The Misfits Podcast', '#66 - Anomaly', '1:04:26', '18-NOV-19');
INSERT INTO Podcast_eps VALUES('Dateline NBC', 'Reckless', '43:33', '27-NOV-19');
INSERT INTO Podcast_eps VALUES('Snacks Minute', 'Snacks Minute for Wednesday, November 27th', '2:56', '27-NOV-19');
INSERT INTO Podcast_eps VALUES('Pardon My Take', 'NFL Week 9 Recap, Fastest 2 Minutes + Football Guy Of the Week', '1:56:25', '04-NOV-19');
INSERT INTO Top_Podcast VALUES('Podcast Charts', 'Crime Junkie');
INSERT INTO Top_Podcast VALUES('Podcast Charts', 'The Daily');
INSERT INTO Top_Podcast VALUES('Podcast Charts', 'Stuff You Should Know');
INSERT INTO Top_Podcast VALUES('Podcast Charts', 'My Favorite Murder');
INSERT INTO Top_Podcast VALUES('Podcast Charts', 'NPR News Now');
INSERT INTO Top_Podcast VALUES('Podcast Charts', 'Call Her Daddy');
INSERT INTO Top_Podcast VALUES('Podcast Charts', 'The Misfits Podcast');
INSERT INTO Top_Podcast VALUES('Podcast Charts', 'Dateline NBC');
INSERT INTO Top_Podcast VALUES('Podcast Charts', 'Snacks Minute');
INSERT INTO Top_Podcast VALUES('Podcast Charts', 'Pardon My Take');
INSERT INTO Song_charts VALUES('United States Top 50', 'Circles');
INSERT INTO Song_charts VALUES('United States Top 50', 'ROXANNE');
INSERT INTO Song_charts VALUES('United States Top 50', 'everything i wanted');
INSERT INTO Song_charts VALUES('United States Top 50', 'HIGHEST IN THE ROOM');
INSERT INTO Song_charts VALUES('United States Top 50', 'BOP');
INSERT INTO Song_charts VALUES('United States Viral 50', 'Yellow Hearts');
INSERT INTO Song_charts VALUES('United States Viral 50', 'Falling');
INSERT INTO Song_charts VALUES('United States Viral 50', 'ok boomer');
INSERT INTO Song_charts VALUES('United States Viral 50', 'A.M.');
INSERT INTO Song_charts VALUES('Global Viral 50', 'Legih Dari Egoku');
INSERT INTO Album_songs VALUES('Killer Queen', 'Hollywood Records','Sheer Heart Attack');
INSERT INTO Album_songs VALUES('Circles', 'Republic Records', 'Hollywoods Bleeding');
INSERT INTO Album_songs VALUES('Under Pressure', 'Hollywood Records', 'Hot Space');
INSERT INTO Album_songs VALUES('Hardwired', 'Blackened Records', 'Hardwired... To Self-destruct');
INSERT INTO Album_songs VALUES('Last Young Renegade', 'Fueled By Ramen', 'Last Young Renegade');
INSERT INTO Album_songs VALUES('Papercut', 'Warner Records', 'Hybrid Theory');
INSERT INTO Album_songs VALUES('Billie Jean', 'MJJ Records', 'Thriller');
INSERT INTO Album_songs VALUES('Mr. Brightside', 'The Island Def Jam Music Group', 'Hot Fuss');
INSERT INTO Album_songs VALUES('Renegade', 'AM Records', 'Pieces of Eight');
INSERT INTO Album_songs VALUES('Bad Vibrations', 'ADTR Records','Bad Vibrations');
INSERT INTO Album_songs VALUES('All My Life', 'Roswell Records', 'One by One');
INSERT INTO Album_songs VALUES('Snow(Hey Oh)','Warner Records', 'Stadium Arcadium');
INSERT INTO Album_songs VALUES('Stronger', 'Roc-A-Fella Records', 'Graduation');
INSERT INTO Album_songs VALUES('Amber', 'Volcano Entertainment', 'From Chaos');
INSERT INTO Album_songs VALUES('Misery Business', 'Atlantic Recording Corporation', 'RIOT!');
INSERT INTO Album_songs VALUES('Roundabout','Elektra Entertainment Company', 'Fragile');
INSERT INTO Album_songs VALUES('Atlas Rise', 'Blackened Records', 'Hardwired... To Self-destruct');
INSERT INTO Album_songs VALUES('Thats What You Get','Atlantic Recording Corporation', 'RIOT!');
INSERT INTO Album_songs VALUES('Dani California','Warner Records', 'Stadium Arcadium');
INSERT INTO Album_songs VALUES('Africa', 'Crush Music', 'Weezer Teal Album');
INSERT INTO Album_songs VALUES('Everybody Wants to Rule The World', 'Crush Music', 'Weezer Teal Album');
INSERT INTO Album_songs VALUES('Sweet Dreams Are Made Of These', 'Crush Music', 'Weezer Teal Album');
INSERT INTO Album_songs VALUES('Take On Me', 'Crush Music', 'Weezer Teal Album');
INSERT INTO Album_songs VALUES('Happy Together', 'Crush Music', 'Weezer Teal Album');
INSERT INTO Album_songs VALUES('Paranoid', 'Crush Music', 'Weezer Teal Album');
INSERT INTO Album_songs VALUES('Mr. Blue Sky', 'Crush Music', 'Weezer Teal Album');
INSERT INTO Album_songs VALUES('No Scrubs', 'Crush Music', 'Weezer Teal Album');
INSERT INTO Album_songs VALUES('Billie Jean', 'Crush Music', 'Weezer Teal Album');
INSERT INTO Album_songs VALUES('Stand By Me', 'Crush Music', 'Weezer Teal Album'); 
INSERT INTO Album_songs VALUES('MEGALOVANIA', 'Materia Collective', 'UNDERTALE Soundtrack');
INSERT INTO Album_songs VALUES('Shop', 'Materia Collective', 'UNDERTALE Soundtrack');
INSERT INTO Album_songs VALUES('Death By Glamour', 'Materia Collective', 'UNDERTALE Soundtrack');
INSERT INTO Album_songs VALUES('Hopes And Dreams', 'Materia Collective', 'UNDERTALE Soundtrack');
INSERT INTO Album_songs VALUES('ASGORE', 'Materia Collective', 'UNDERTALE Soundtrack');
INSERT INTO Album_songs VALUES('Spider Dance', 'Materia Collective', 'UNDERTALE Soundtrack');
INSERT INTO Album_songs VALUES('Bonetrousle', 'Materia Collective', 'UNDERTALE Soundtrack');
INSERT INTO Album_songs VALUES('Battle Against A True Hero', 'Materia Collective', 'UNDERTALE Soundtrack');
INSERT INTO Album_songs VALUES('Spear of Justice', 'Materia Collective', 'UNDERTALE Soundtrack');
INSERT INTO Album_songs VALUES('Sans.', 'Materia Collective', 'UNDERTALE Soundtrack'); 
INSERT INTO Album_songs VALUES('Big Iron', 'Sony BMG Music Entertainment', 'Gunfighter Ballads And Trail Songs');  
INSERT INTO Album_songs VALUES('El Paso', 'Sony BMG Music Entertainment', 'Gunfighter Ballads And Trail Songs');  
INSERT INTO Album_songs VALUES('Theyre Hanging me Tonight', 'Sony BMG Music Entertainment', 'Gunfighter Ballads And Trail Songs');  
INSERT INTO Album_songs VALUES('The Masters Call', 'Sony BMG Music Entertainment', 'Gunfighter Ballads And Trail Songs');  
INSERT INTO Album_songs VALUES('Saddle Tramp', 'Sony BMG Music Entertainment', 'Gunfighter Ballads And Trail Songs');  
INSERT INTO Album_songs VALUES('Cool Water', 'Sony BMG Music Entertainment', 'Gunfighter Ballads And Trail Songs');  
INSERT INTO Album_songs VALUES('Running Gun', 'Sony BMG Music Entertainment', 'Gunfighter Ballads And Trail Songs');  
INSERT INTO Album_songs VALUES('Billy The Kid', 'Sony BMG Music Entertainment', 'Gunfighter Ballads And Trail Songs');  
INSERT INTO Album_songs VALUES('Gucci Belt', 'Records DK', 'Gucci Belt');
INSERT INTO Album_songs VALUES('F.U.N.', 'Amorphous', 'Noise vs Beauty');
INSERT INTO Album_songs VALUES('Now', 'Amorphous', 'Noise vs Beauty');
INSERT INTO Album_songs VALUES('Loco Ono', 'Amorphous', 'Noise vs Beauty');
INSERT INTO Album_songs VALUES('You and Me', 'Amorphous', 'Noise vs Beauty');
INSERT INTO Album_songs VALUES('Lost in the Crowd', 'Amorphous', 'Noise vs Beauty');
INSERT INTO Album_songs VALUES('Ephemeral', 'Amorphous', 'Noise vs Beauty');
INSERT INTO Album_songs VALUES('Hold On', 'Amorphous', 'Noise vs Beauty');
INSERT INTO Album_songs VALUES('Noise', 'Amorphous', 'Noise vs Beauty');
INSERT INTO Album_songs VALUES('The Future', 'Amorphous', 'Noise vs Beauty');
INSERT INTO Album_songs VALUES('Open Up', 'Amorphous', 'Noise vs Beauty');
INSERT INTO Album_songs VALUES('Mystery Song', 'Amorphous', 'Noise vs Beauty');
INSERT INTO Album_songs VALUES('Dont Hate The 808', 'Amorphous', 'Noise vs Beauty');
INSERT INTO Album_songs VALUES('Gnar', 'Amorphous', 'Noise vs Beauty');
INSERT INTO Album_songs VALUES('Flash Back', 'Amorphous', 'Noise vs Beauty');
INSERT INTO Album_songs VALUES('So Butterfly', 'Amorphous', 'Noise vs Beauty');
INSERT INTO Album_songs VALUES('Funk Jesus', 'The Floozies Self Release', 'Funk Jesus');
INSERT INTO Album_songs VALUES('Honeymoon Phase', 'The Floozies Self Release', 'Funk Jesus');
INSERT INTO Album_songs VALUES('Arithmetic', 'The Floozies Self Release', 'Funk Jesus');
INSERT INTO Album_songs VALUES('Summer Fling', 'The Floozies Self Release', 'Funk Jesus');
INSERT INTO Album_songs VALUES('Nothing to Lose', 'The Floozies Self Release', 'Funk Jesus');
INSERT INTO Album_songs VALUES('Sheila', 'The Floozies Self Release', 'Funk Jesus');
INSERT INTO Album_songs VALUES('Better 4 U', 'The Floozies Self Release', 'Funk Jesus');
INSERT INTO Album_songs VALUES('Everything', 'The Floozies Self Release', 'Funk Jesus');
INSERT INTO Album_songs VALUES('Dont Give Up On Me', 'The Floozies Self Release', 'Funk Jesus');
INSERT INTO Album_songs VALUES('Without You', 'The Floozies Self Release', 'Funk Jesus');
INSERT INTO Album_songs VALUES('Cosmic Rays', 'The Floozies Self Release', 'Funk Jesus');
INSERT INTO Album_songs VALUES('Rebirthing', 'Lava Records', 'Comatose');
INSERT INTO Album_songs VALUES('The Last Night', 'Lava Records', 'Comatose');
INSERT INTO Album_Songs VALUES('Yours to Hold', 'Lava Records', 'Comatose');
INSERT INTO Album_songs VALUES('Better Than Drugs', 'Lava Records', 'Comatose');
INSERT INTO Album_songs VALUES('Comatose', 'Lava Records', 'Comatose');
INSERT INTO Album_songs VALUES('The Older I Get', 'Lava Records', 'Comatose');
INSERT INTO Album_songs VALUES('Those Nights', 'Lava Records', 'Comatose');
INSERT INTO Album_songs VALUES('Falling Inside the Black', 'Lava Records', 'Comatose');
INSERT INTO Album_songs VALUES('Say Goodbye', 'Lava Records', 'Comatose');
INSERT INTO Album_songs VALUES('Whispers in the Dark', 'Lava Records', 'Comatose');
INSERT INTO Album_songs VALUES('Looking for Angels', 'Lava Records', 'Comatose');
INSERT INTO Album_songs VALUES('STOOPID ', 'Create Music Group', 'Dummy Boy' );
INSERT INTO Album_songs VALUES('FEFE', 'Create Music Group', 'Dummy Boy' );
INSERT INTO Album_songs VALUES('TIC TOC', 'Create Music Group', 'Dummy Boy' );
INSERT INTO Album_songs VALUES('KIKA', 'Create Music Group', 'Dummy Boy' );
INSERT INTO Album_songs VALUES('MAMA', 'Create Music Group', 'Dummy Boy' );
INSERT INTO Album_songs VALUES('WAKA', 'Create Music Group', 'Dummy Boy' );
INSERT INTO Album_songs VALUES('BEBE', 'Create Music Group', 'Dummy Boy' );
INSERT INTO Album_songs VALUES('MALA', 'Create Music Group', 'Dummy Boy' );
INSERT INTO Album_songs VALUES('KANGA', 'Create Music Group', 'Dummy Boy' );
INSERT INTO Album_songs VALUES('FEEFA', 'Create Music Group', 'Dummy Boy' );
INSERT INTO Album_songs VALUES('TATI', 'Create Music Group', 'Dummy Boy' );
INSERT INTO Album_songs VALUES('WONDO', 'Create Music Group', 'Dummy Boy' );
INSERT INTO Album_songs VALUES('DUMMY', 'Create Music Group', 'Dummy Boy' );
INSERT INTO Performed_by VALUES('Killer Queen', 'Queen');
INSERT INTO Performed_by VALUES('Circles', 'Post Malone');
INSERT INTO Performed_by VALUES('Under Pressure', 'Queen');
INSERT INTO Performed_by VALUES('Hardwired', 'Metallica');
INSERT INTO Performed_by VALUES('Last Young Renegade', 'All Time Low');
INSERT INTO Performed_by VALUES('Papercut', 'Linkin Park');
INSERT INTO Performed_by VALUES('Billie Jean','Michael Jackson');
INSERT INTO Performed_by VALUES('Mr. Brightside','The Killers');
INSERT INTO Performed_by VALUES('Renegade', 'Styx');
INSERT INTO Performed_by VALUES('Bad Vibrations', 'A Day To Remember');
INSERT INTO performed_by VALUES('All My Life', 'Foo Fighters');
INSERT INTO Performed_by VALUES('Snow(Hey Oh)', 'Red Hot Chili Peppers');
INSERT INTO Performed_by VALUES('Stronger', 'Kanye West');
INSERT INTO Performed_by VALUES('Amber', '311');
INSERT INTO Performed_by VALUES('Misery Business', 'Paramore');
INSERT INTO Performed_by VALUES('Roundabout', 'Yes');
INSERT INTO Performed_by VALUES('Atlas Rise', 'Metallica');
INSERT INTO Performed_by VALUES('Thats What You Get', 'Paramore');
INSERT INTO Performed_by VALUES('Dani California', 'Red Hot Chili Peppers');
INSERT INTO Performed_by VALUES('Big Iron', 'Marty Robbins');
INSERT INTO Performed_by VALUES('El Paso', 'Marty Robbins');
INSERT INTO Performed_by VALUES('Theyre Hanging Me Tonight', 'Marty Robbins');
INSERT INTO Performed_by VALUES('The Masters Call', 'Marty Robbins');
INSERT INTO Performed_by VALUES('Saddle Tramp', 'Marty Robbins');
INSERT INTO Performed_by VALUES('Cool Water', 'Marty Robbins');
INSERT INTO Performed_by VALUES('Running Gun', 'Marty Robbins');
INSERT INTO Performed_by VALUES('Billy The Kid', 'Marty Robbins');
INSERT INTO Performed_by VALUES('Africa', 'Weezer');
INSERT INTO Performed_by VALUES('Everybody Wants To Rule The World', 'Weezer');
INSERT INTO Performed_by VALUES('Sweet Dreams Are Made Of This', 'Weezer');
INSERT INTO Performed_by VALUES('Take On Me', 'Weezer');
INSERT INTO Performed_by VALUES('Happy Together', 'Weezer');
INSERT INTO Performed_by VALUES('Paranoid', 'Weezer');
INSERT INTO Performed_by VALUES('Mr. Blue Sky', 'Weezer');
INSERT INTO Performed_by VALUES('No Scrubs', 'Weezer');
INSERT INTO Performed_by VALUES('Billie Jean', 'Weezer');
INSERT INTO Performed_by VALUES('Stand By Me', 'Weezer');
INSERT INTO Performed_by VALUES('Gucci Belt', 'Soup');
INSERT INTO Performed_by VALUES('F.U.N.', 'Bassnectar');
INSERT INTO Performed_by VALUES('Now', 'Bassnectar');
INSERT INTO Performed_by VALUES('Loco Ono', 'Bassnectar');
INSERT INTO Performed_by VALUES('You and Me', 'Bassnectar');
INSERT INTO Performed_by VALUES('Lost in the Crowd', 'Bassnectar');
INSERT INTO Performed_by VALUES('Ephemeral', 'Bassnectar');
INSERT INTO Performed_by VALUES('Hold On', 'Bassnectar');
INSERT INTO Performed_by VALUES('Noise', 'Bassnectar');
INSERT INTO Performed_by VALUES('The Future', 'Bassnectar');
INSERT INTO Performed_by VALUES('Open Up', 'Bassnectar');
INSERT INTO Performed_by VALUES('Mystery Song', 'Bassnectar');
INSERT INTO Performed_by VALUES('Dont Hate The 808', 'Bassnectar');
INSERT INTO Performed_by VALUES('Gnar', 'Bassnectar');
INSERT INTO Performed_by VALUES('Flash Back', 'Bassnectar');
INSERT INTO Performed_by VALUES('So Butterfly', 'Bassnectar');
INSERT INTO Performed_by VALUES('Funk Jesus', 'The Floozies');
INSERT INTO Performed_by VALUES('Honeymoon Phase', 'The Floozies');
INSERT INTO Performed_by VALUES('Arithmetic', 'The Floozies');
INSERT INTO Performed_by VALUES('Summer Fling', 'The Floozies');
INSERT INTO Performed_by VALUES('Nothing to Lose', 'The Floozies');
INSERT INTO Performed_by VALUES('Sheila', 'The Floozies');
INSERT INTO Performed_by VALUES('Better 4 u', 'The Floozies');
INSERT INTO Performed_by VALUES('Everything', 'The Floozies');
INSERT INTO Performed_by VALUES('Dont Give Up On Me', 'The Floozies');
INSERT INTO Performed_by VALUES('Without You', 'The Floozies');
INSERT INTO Performed_by VALUES('Cosmic Rays', 'The Floozies');
INSERT INTO Performed_by VALUES('Rebirthing', 'Skillet');
INSERT INTO Performed_by VALUES('The Last Night', 'Skillet');
INSERT INTO Performed_by VALUES('Yours to Hold', 'Skillet');
INSERT INTO Performed_by VALUES('Better Than Drugs', 'Skillet');
INSERT INTO Performed_by VALUES('Comatose', 'Skillet');
INSERT INTO Performed_by VALUES('The Older I Get', 'Skillet');
INSERT INTO Performed_by VALUES('Those Nights', 'Skillet');
INSERT INTO Performed_by VALUES('Falling Inside the Black', 'Skillet');
INSERT INTO Performed_by VALUES('Say Goodbye', 'Skillet');
INSERT INTO Performed_by VALUES('Whispers in the Dark', 'Skillet');
INSERT INTO Performed_by VALUES('Looking for Angels', 'Skillet');
INSERT INTO Performed_by VALUES('STOOPID', 'Takeshi 6ix 9ine');
INSERT INTO Performed_by VALUES('FEFE', 'Takeshi 6ix 9ine');
INSERT INTO Performed_by VALUES('TIC TOC', 'Takeshi 6ix 9ine');
INSERT INTO Performed_by VALUES('KIKA', 'Takeshi 6ix 9ine');
INSERT INTO Performed_by VALUES('MAMA', 'Takeshi 6ix 9ine');
INSERT INTO Performed_by VALUES('WAKA', 'Takeshi 6ix 9ine');
INSERT INTO Performed_by VALUES('BEBE', 'Takeshi 6ix 9ine');
INSERT INTO Performed_by VALUES('MALA', 'Takeshi 6ix 9ine');
INSERT INTO Performed_by VALUES('KANGA', 'Takeshi 6ix 9ine');
INSERT INTO Performed_by VALUES('FEEFA', 'Takeshi 6ix 9ine');
INSERT INTO Performed_by VALUES('TATI', 'Takeshi 6ix 9ine');
INSERT INTO Performed_by VALUES('WONDO', 'Takeshi 6ix 9ine');
INSERT INTO Performed_by VALUES('DUMMY', 'Takeshi 6ix 9ine');
INSERT INTO Performed_by VALUES('KIKA', 'Takeshi 6ix 9ine');
INSERT INTO Performed_by VALUES('MAMA', 'Takeshi 6ix 9ine');
INSERT INTO Performed_by VALUES('WAKA', 'Takeshi 6ix 9ine');
INSERT INTO Performed_by VALUES('BEBE', 'Takeshi 6ix 9ine');
INSERT INTO Performed_by VALUES('MALA', 'Takeshi 6ix 9ine');
INSERT INTO Performed_by VALUES('KANGA', 'Takeshi 6ix 9ine');
INSERT INTO Performed_by VALUES('FEEFA', 'Takeshi 6ix 9ine');
INSERT INTO Performed_by VALUES('TATI', 'Takeshi 6ix 9ine');
INSERT INTO Performed_by VALUES('WONDO', 'Takeshi 6ix 9ine');
INSERT INTO Performed_by VALUES('DUMMY', 'Takeshi 6ix 9ine');
INSERT INTO Artist_creates VALUES('Queen', 'Hollywood Records', 'Hot Space', 37);
INSERT INTO Artist_creates VALUES('Post Malone', 'Republic Records', 'Hollywoods Bleeding', 0);
INSERT INTO Artist_creates VALUES('Queen', 'Hollywood Records', 'Sheer Heart Attack',45);
INSERT INTO Artist_creates VALUES('Metallica', 'Blackened Records', 'Hardwired... To Self-destruct',3);
INSERT INTO Artist_creates VALUES('All Time Low', 'Fueled By Ramen', 'Last Young Renegade', 2);
INSERT INTO Artist_creates VALUES('Linkin Park', 'Warner Records', 'Hybrid Theory', 19);
INSERT INTO Artist_creates VALUES('Michael Jackson', 'MJJ Records', 'Thriller', 37);
INSERT INTO Artist_creates VALUES('The Killers', 'The Island Def Jam Music Group', 'Hot Fuss', 15);
INSERT INTO Artist_creates VALUES('Ariana Grande', 'Republic Records', 'Dangerous Woman', 3);
INSERT INTO Artist_creates VALUES('Styx', 'AM Records', 'Pieces of Eight', 41);
INSERT INTO Artist_creates VALUES('A Day To Remember', 'ADTR Records', 'Bad Vibrations', 3);
INSERT INTO Artist_creates VALUES('Foo Fighters', 'Roswell Records', 'One by One',17);
INSERT INTO Artist_creates VALUES('Red Hot Chili Peppers', 'Warner Records', 'Stadium Arcadium',13);
INSERT INTO Artist_creates VALUES('Kanye West', 'Roc-A-Fella Records', 'Graduation', 12);
INSERT INTO Artist_creates VALUES('311', 'Volcano Entertainment', 'From Chaos', 18);
INSERT INTO Artist_creates VALUES('Paramore', 'Atlantic Recording Corporation', 'RIOT!', 12);
INSERT INTO Artist_creates VALUES('Yes', 'Elektra Entertainment Company', 'Fragile', 48);
INSERT INTO Artist_creates VALUES('Soup', 'Records DK', 'Gucci Belt', 1);
INSERT INTO Artist_creates VALUES('Weezer', 'Crush Music', 'Weezer Teal Album', 0);
INSERT INTO Artist_creates VALUES('Toby Fox', 'Materia Collective', 'UNDERTALE Soundtrack', 4);
INSERT INTO Artist_creates VALUES('Marty Robbins', 'Sony BMG Music Entertainment', 'Gunfighter Ballads And Trail Songs', 60); 